,Institute,Academic Program Name,Seat Type,Gender,Opening Rank,Closing Rank,Year,Round
0,Indian Institute of Technology Bhubaneswar,"Civil Engineering (4 Years, Bachelor of Technology)",OPEN,Gender-Neutral,9193,12425,2022,2
1,Indian Institute of Technology Bhubaneswar,"Civil Engineering (4 Years, Bachelor of Technology)",OPEN,Female-only (including Supernumerary),16138,20686,2022,2
2,Indian Institute of Technology Bhubaneswar,"Civil Engineering and M. Tech. in Structural Engineering (5 Years, Bachelor and Master of Technology (Dual Degree))",OPEN,Gender-Neutral,12801,13170,2022,2
3,Indian Institute of Technology Bhubaneswar,"Civil Engineering and M. Tech. in Structural Engineering (5 Years, Bachelor and Master of Technology (Dual Degree))",OPEN,Female-only (including Supernumerary),18771,18771,2022,2
4,Indian Institute of Technology Bhubaneswar,"Civil Engineering and M.Tech in Transportation Engineering (5 Years, Bachelor and Master of Technology (Dual Degree))",OPEN,Gender-Neutral,12758,13459,2022,2
5,Indian Institute of Technology Bhubaneswar,"Civil Engineering and M.Tech in Transportation Engineering (5 Years, Bachelor and Master of Technology (Dual Degree))",OPEN,Female-only (including Supernumerary),20790,20790,2022,2
6,Indian Institute of Technology Bhubaneswar,"Civil Engineering and M.Tech. in Environmental Engineering (5 Years, Bachelor and Master of Technology (Dual Degree))",OPEN,Gender-Neutral,13468,13624,2022,2
7,Indian Institute of Technology Bhubaneswar,"Civil Engineering and M.Tech. in Environmental Engineering (5 Years, Bachelor and Master of Technology (Dual Degree))",OPEN,Female-only (including Supernumerary),20984,20984,2022,2
8,Indian Institute of Technology Bhubaneswar,"Computer Science and Engineering (4 Years, Bachelor of Technology)",OPEN,Gender-Neutral,1702,2564,2022,2
9,Indian Institute of Technology Bhubaneswar,"Computer Science and Engineering (4 Years, Bachelor of Technology)",OPEN,Female-only (including Supernumerary),3119,4620,2022,2
10,Indian Institute of Technology Bhubaneswar,"Computer Science and Engineering (5 Years, Bachelor and Master of Technology (Dual Degree))",OPEN,Gender-Neutral,2821,3017,2022,2
11,Indian Institute of Technology Bhubaneswar,"Computer Science and Engineering (5 Years, Bachelor and Master of Technology (Dual Degree))",OPEN,Female-only (including Supernumerary),5048,5048,2022,2
12,Indian Institute of Technology Bhubaneswar,"Electrical Engineering and M.Tech Power Electronics and Drives (5 Years, Bachelor and Master of Technology (Dual Degree))",OPEN,Gender-Neutral,6392,7141,2022,2
13,Indian Institute of Technology Bhubaneswar,"Electrical Engineering and M.Tech Power Electronics and Drives (5 Years, Bachelor and Master of Technology (Dual Degree))",OPEN,Female-only (including Supernumerary),11359,11359,2022,2
14,Indian Institute of Technology Bhubaneswar,"Electrical Engineering (4 Years, Bachelor of Technology)",OPEN,Gender-Neutral,4325,6323,2022,2
15,Indian Institute of Technology Bhubaneswar,"Electrical Engineering (4 Years, Bachelor of Technology)",OPEN,Female-only (including Supernumerary),8358,9619,2022,2
16,Indian Institute of Technology Bhubaneswar,"Electronics and Communication Engineering (4 Years, Bachelor of Technology)",OPEN,Gender-Neutral,3084,4189,2022,2
17,Indian Institute of Technology Bhubaneswar,"Electronics and Communication Engineering (4 Years, Bachelor of Technology)",OPEN,Female-only (including Supernumerary),5869,6675,2022,2
18,Indian Institute of Technology Bhubaneswar,"Mechanical Engineering (4 Years, Bachelor of Technology)",OPEN,Gender-Neutral,7227,8551,2022,2
19,Indian Institute of Technology Bhubaneswar,"Mechanical Engineering (4 Years, Bachelor of Technology)",OPEN,Female-only (including Supernumerary),14399,15583,2022,2
20,Indian Institute of Technology Bhubaneswar,"Mechanical Engineering and M. Tech. in Mechanical System Design (5 Years, Bachelor and Master of Technology (Dual Degree))",OPEN,Gender-Neutral,8741,9745,2022,2
21,Indian Institute of Technology Bhubaneswar,"Mechanical Engineering and M. Tech. in Mechanical System Design (5 Years, Bachelor and Master of Technology (Dual Degree))",OPEN,Female-only (including Supernumerary),16422,16422,2022,2
22,Indian Institute of Technology Bhubaneswar,"Mechanical Engineering and M. Tech. in Thermal Science & Engineering (5 Years, Bachelor and Master of Technology (Dual Degree))",OPEN,Gender-Neutral,9578,10951,2022,2
23,Indian Institute of Technology Bhubaneswar,"Mechanical Engineering and M. Tech. in Thermal Science & Engineering (5 Years, Bachelor and Master of Technology (Dual Degree))",OPEN,Female-only (including Supernumerary),19294,19294,2022,2
24,Indian Institute of Technology Bhubaneswar,"Mechanical Engineering with M.Tech. in Manufacturing Engineering (5 Years, Bachelor and Master of Technology (Dual Degree))",OPEN,Gender-Neutral,9963,10604,2022,2
25,Indian Institute of Technology Bhubaneswar,"Mechanical Engineering with M.Tech. in Manufacturing Engineering (5 Years, Bachelor and Master of Technology (Dual Degree))",OPEN,Female-only (including Supernumerary),17940,17940,2022,2
26,Indian Institute of Technology Bhubaneswar,"Metallurgical and Materials Engineering (4 Years, Bachelor of Technology)",OPEN,Gender-Neutral,9953,12668,2022,2
27,Indian Institute of Technology Bhubaneswar,"Metallurgical and Materials Engineering (4 Years, Bachelor of Technology)",OPEN,Female-only (including Supernumerary),18657,18693,2022,2
28,Indian Institute of Technology Bhubaneswar,"Metallurgical and Materials Engineering (5 Years, Bachelor and Master of Technology (Dual Degree))",OPEN,Gender-Neutral,13515,13731,2022,2
29,Indian Institute of Technology Bhubaneswar,"Metallurgical and Materials Engineering (5 Years, Bachelor and Master of Technology (Dual Degree))",OPEN,Female-only (including Supernumerary),21645,21645,2022,2
30,Indian Institute of Technology Bombay,"Aerospace Engineering (4 Years, Bachelor of Technology)",OPEN,Gender-Neutral,577,2119,2022,2
31,Indian Institute of Technology Bombay,"Aerospace Engineering (4 Years, Bachelor of Technology)",OPEN,Female-only (including Supernumerary),2312,4081,2022,2
32,Indian Institute of Technology Bombay,"BS in Mathematics (4 Years, Bachelor of Science)",OPEN,Gender-Neutral,552,1557,2022,2
33,Indian Institute of Technology Bombay,"BS in Mathematics (4 Years, Bachelor of Science)",OPEN,Female-only (including Supernumerary),1248,3895,2022,2
34,Indian Institute of Technology Bombay,"Chemical Engineering (4 Years, Bachelor of Technology)",OPEN,Gender-Neutral,1420,2081,2022,2
35,Indian Institute of Technology Bombay,"Chemical Engineering (4 Years, Bachelor of Technology)",OPEN,Female-only (including Supernumerary),2571,4591,2022,2
36,Indian Institute of Technology Bombay,"Chemistry (4 Years, Bachelor of Science)",OPEN,Gender-Neutral,4360,5336,2022,2
37,Indian Institute of Technology Bombay,"Chemistry (4 Years, Bachelor of Science)",OPEN,Female-only (including Supernumerary),10036,11453,2022,2
38,Indian Institute of Technology Bombay,"Civil Engineering (4 Years, Bachelor of Technology)",OPEN,Gender-Neutral,1941,3446,2022,2
39,Indian Institute of Technology Bombay,"Civil Engineering (4 Years, Bachelor of Technology)",OPEN,Female-only (including Supernumerary),4728,7079,2022,2
40,Indian Institute of Technology Bombay,"Computer Science and Engineering (4 Years, Bachelor of Technology)",OPEN,Gender-Neutral,1,60,2022,2
41,Indian Institute of Technology Bombay,"Computer Science and Engineering (4 Years, Bachelor of Technology)",OPEN,Female-only (including Supernumerary),16,305,2022,2
42,Indian Institute of Technology Bombay,"Economics (4 Years, Bachelor of Science)",OPEN,Gender-Neutral,1577,2107,2022,2
43,Indian Institute of Technology Bombay,"Economics (4 Years, Bachelor of Science)",OPEN,Female-only (including Supernumerary),3238,4590,2022,2
44,Indian Institute of Technology Bombay,"Electrical Engineering (4 Years, Bachelor of Technology)",OPEN,Gender-Neutral,103,369,2022,2
45,Indian Institute of Technology Bombay,"Electrical Engineering (4 Years, Bachelor of Technology)",OPEN,Female-only (including Supernumerary),1065,1283,2022,2
46,Indian Institute of Technology Bombay,"Electrical Engineering (5 Years, Bachelor and Master of Technology (Dual Degree))",OPEN,Gender-Neutral,374,843,2022,2
47,Indian Institute of Technology Bombay,"Electrical Engineering (5 Years, Bachelor and Master of Technology (Dual Degree))",OPEN,Female-only (including Supernumerary),1379,1901,2022,2
48,Indian Institute of Technology Bombay,"Energy Engineering (4 Years, Bachelor of Technology)",OPEN,Gender-Neutral,1116,2381,2022,2
49,Indian Institute of Technology Bombay,"Energy Engineering (4 Years, Bachelor of Technology)",OPEN,Female-only (including Supernumerary),3498,5022,2022,2
50,Indian Institute of Technology Bombay,"Engineering Physics (4 Years, Bachelor of Technology)",OPEN,Gender-Neutral,200,1447,2022,2
51,Indian Institute of Technology Bombay,"Engineering Physics (4 Years, Bachelor of Technology)",OPEN,Female-only (including Supernumerary),2113,3349,2022,2
52,Indian Institute of Technology Bombay,"Environmental Science and Engineering (5 Years, Bachelor and Master of Technology (Dual Degree))",OPEN,Gender-Neutral,3926,4736,2022,2
53,Indian Institute of Technology Bombay,"Environmental Science and Engineering (5 Years, Bachelor and Master of Technology (Dual Degree))",OPEN,Female-only (including Supernumerary),8187,9590,2022,2
54,Indian Institute of Technology Bombay,"Mechanical Engineering (4 Years, Bachelor of Technology)",OPEN,Gender-Neutral,141,1382,2022,2
55,Indian Institute of Technology Bombay,"Mechanical Engineering (4 Years, Bachelor of Technology)",OPEN,Female-only (including Supernumerary),971,3036,2022,2
56,Indian Institute of Technology Bombay,"Mechanical Engineering and M.Tech. in Computer Integrated Manufacturing (5 Years, Bachelor and Master of Technology (Dual Degree))",OPEN,Gender-Neutral,1409,1492,2022,2
57,Indian Institute of Technology Bombay,"Mechanical Engineering and M.Tech. in Computer Integrated Manufacturing (5 Years, Bachelor and Master of Technology (Dual Degree))",OPEN,Female-only (including Supernumerary),3531,4102,2022,2
58,Indian Institute of Technology Bombay,"Metallurgical Engineering and Materials Science (4 Years, Bachelor of Technology)",OPEN,Gender-Neutral,2476,3766,2022,2
59,Indian Institute of Technology Bombay,"Metallurgical Engineering and Materials Science (4 Years, Bachelor of Technology)",OPEN,Female-only (including Supernumerary),6625,8417,2022,2
60,Indian Institute of Technology Mandi,"Bio Engineering (5 Years, Bachelor and Master of Technology (Dual Degree))",OPEN,Gender-Neutral,12713,13562,2022,2
61,Indian Institute of Technology Mandi,"Bio Engineering (5 Years, Bachelor and Master of Technology (Dual Degree))",OPEN,Female-only (including Supernumerary),18277,21756,2022,2
62,Indian Institute of Technology Mandi,"Civil Engineering (4 Years, Bachelor of Technology)",OPEN,Gender-Neutral,10378,12003,2022,2
63,Indian Institute of Technology Mandi,"Civil Engineering (4 Years, Bachelor of Technology)",OPEN,Female-only (including Supernumerary),15540,18408,2022,2
64,Indian Institute of Technology Mandi,"Computer Science and Engineering (4 Years, Bachelor of Technology)",OPEN,Gender-Neutral,1846,2798,2022,2
65,Indian Institute of Technology Mandi,"Computer Science and Engineering (4 Years, Bachelor of Technology)",OPEN,Female-only (including Supernumerary),5239,5959,2022,2
66,Indian Institute of Technology Mandi,"Data Science and Engineering (4 Years, Bachelor of Technology)",OPEN,Gender-Neutral,3087,3755,2022,2
67,Indian Institute of Technology Mandi,"Data Science and Engineering (4 Years, Bachelor of Technology)",OPEN,Female-only (including Supernumerary),6307,6475,2022,2
68,Indian Institute of Technology Mandi,"Electrical Engineering (4 Years, Bachelor of Technology)",OPEN,Gender-Neutral,4602,6486,2022,2
69,Indian Institute of Technology Mandi,"Electrical Engineering (4 Years, Bachelor of Technology)",OPEN,Female-only (including Supernumerary),8217,11645,2022,2
70,Indian Institute of Technology Mandi,"Engineering Physics (4 Years, Bachelor of Technology)",OPEN,Gender-Neutral,8155,10738,2022,2
71,Indian Institute of Technology Mandi,"Engineering Physics (4 Years, Bachelor of Technology)",OPEN,Female-only (including Supernumerary),16189,16863,2022,2
72,Indian Institute of Technology Mandi,"Mechanical Engineering (4 Years, Bachelor of Technology)",OPEN,Gender-Neutral,6673,9202,2022,2
73,Indian Institute of Technology Mandi,"Mechanical Engineering (4 Years, Bachelor of Technology)",OPEN,Female-only (including Supernumerary),13581,15259,2022,2
74,Indian Institute of Technology Delhi,"Biotechnology and Biochemical Engineering (4 Years, Bachelor of Technology)",OPEN,Gender-Neutral,2747,4744,2022,2
75,Indian Institute of Technology Delhi,"Biotechnology and Biochemical Engineering (4 Years, Bachelor of Technology)",OPEN,Female-only (including Supernumerary),4717,10094,2022,2
76,Indian Institute of Technology Delhi,"Chemical Engineering (4 Years, Bachelor of Technology)",OPEN,Gender-Neutral,1261,2343,2022,2
77,Indian Institute of Technology Delhi,"Chemical Engineering (4 Years, Bachelor of Technology)",OPEN,Female-only (including Supernumerary),3327,4570,2022,2
78,Indian Institute of Technology Delhi,"Chemical Engineering (5 Years, Bachelor and Master of Technology (Dual Degree))",OPEN,Gender-Neutral,2918,3956,2022,2
79,Indian Institute of Technology Delhi,"Chemical Engineering (5 Years, Bachelor and Master of Technology (Dual Degree))",OPEN,Female-only (including Supernumerary),5031,6821,2022,2
80,Indian Institute of Technology Delhi,"Civil Engineering (4 Years, Bachelor of Technology)",OPEN,Gender-Neutral,2766,4261,2022,2
81,Indian Institute of Technology Delhi,"Civil Engineering (4 Years, Bachelor of Technology)",OPEN,Female-only (including Supernumerary),4603,8206,2022,2
82,Indian Institute of Technology Delhi,"Computer Science and Engineering (4 Years, Bachelor of Technology)",OPEN,Gender-Neutral,29,102,2022,2
83,Indian Institute of Technology Delhi,"Computer Science and Engineering (4 Years, Bachelor of Technology)",OPEN,Female-only (including Supernumerary),330,450,2022,2
84,Indian Institute of Technology Delhi,"Computer Science and Engineering (5 Years, Bachelor and Master of Technology (Dual Degree))",OPEN,Gender-Neutral,116,196,2022,2
85,Indian Institute of Technology Delhi,"Computer Science and Engineering (5 Years, Bachelor and Master of Technology (Dual Degree))",OPEN,Female-only (including Supernumerary),522,700,2022,2
86,Indian Institute of Technology Delhi,"Electrical Engineering (4 Years, Bachelor of Technology)",OPEN,Gender-Neutral,358,574,2022,2
87,Indian Institute of Technology Delhi,"Electrical Engineering (4 Years, Bachelor of Technology)",OPEN,Female-only (including Supernumerary),1079,1572,2022,2
88,Indian Institute of Technology Delhi,"Electrical Engineering (Power and Automation) (4 Years, Bachelor of Technology)",OPEN,Gender-Neutral,603,797,2022,2
89,Indian Institute of Technology Delhi,"Electrical Engineering (Power and Automation) (4 Years, Bachelor of Technology)",OPEN,Female-only (including Supernumerary),1645,2088,2022,2
90,Indian Institute of Technology Delhi,"Energy Engineering (4 Years, Bachelor of Technology)",OPEN,Gender-Neutral,2360,2839,2022,2
91,Indian Institute of Technology Delhi,"Energy Engineering (4 Years, Bachelor of Technology)",OPEN,Female-only (including Supernumerary),5110,6398,2022,2
92,Indian Institute of Technology Delhi,"Engineering and Computational Mechanics (4 Years, Bachelor of Technology)",OPEN,Gender-Neutral,819,1314,2022,2
93,Indian Institute of Technology Delhi,"Engineering and Computational Mechanics (4 Years, Bachelor of Technology)",OPEN,Female-only (including Supernumerary),1361,2792,2022,2
94,Indian Institute of Technology Delhi,"Engineering Physics (4 Years, Bachelor of Technology)",OPEN,Gender-Neutral,1404,2778,2022,2
95,Indian Institute of Technology Delhi,"Engineering Physics (4 Years, Bachelor of Technology)",OPEN,Female-only (including Supernumerary),4007,6738,2022,2
96,Indian Institute of Technology Delhi,"Materials Engineering (4 Years, Bachelor of Technology)",OPEN,Gender-Neutral,2966,4083,2022,2
97,Indian Institute of Technology Delhi,"Materials Engineering (4 Years, Bachelor of Technology)",OPEN,Female-only (including Supernumerary),9160,10092,2022,2
98,Indian Institute of Technology Delhi,"Mathematics and Computing (4 Years, Bachelor of Technology)",OPEN,Gender-Neutral,140,306,2022,2
99,Indian Institute of Technology Delhi,"Mathematics and Computing (4 Years, Bachelor of Technology)",OPEN,Female-only (including Supernumerary),697,942,2022,2
100,Indian Institute of Technology Delhi,"Mathematics and Computing (5 Years, Bachelor and Master of Technology (Dual Degree))",OPEN,Gender-Neutral,314,401,2022,2
101,Indian Institute of Technology Delhi,"Mathematics and Computing (5 Years, Bachelor and Master of Technology (Dual Degree))",OPEN,Female-only (including Supernumerary),943,1026,2022,2
102,Indian Institute of Technology Delhi,"Mechanical Engineering (4 Years, Bachelor of Technology)",OPEN,Gender-Neutral,918,1882,2022,2
103,Indian Institute of Technology Delhi,"Mechanical Engineering (4 Years, Bachelor of Technology)",OPEN,Female-only (including Supernumerary),3330,4401,2022,2
104,Indian Institute of Technology Delhi,"Production and Industrial Engineering (4 Years, Bachelor of Technology)",OPEN,Gender-Neutral,1928,3374,2022,2
105,Indian Institute of Technology Delhi,"Production and Industrial Engineering (4 Years, Bachelor of Technology)",OPEN,Female-only (including Supernumerary),6668,8700,2022,2
106,Indian Institute of Technology Delhi,"Textile Technology (4 Years, Bachelor of Technology)",OPEN,Gender-Neutral,4097,5786,2022,2
107,Indian Institute of Technology Delhi,"Textile Technology (4 Years, Bachelor of Technology)",OPEN,Female-only (including Supernumerary),8455,11244,2022,2
108,Indian Institute of Technology Indore,"Civil Engineering (4 Years, Bachelor of Technology)",OPEN,Gender-Neutral,7291,9412,2022,2
109,Indian Institute of Technology Indore,"Civil Engineering (4 Years, Bachelor of Technology)",OPEN,Female-only (including Supernumerary),14765,16081,2022,2
110,Indian Institute of Technology Indore,"Computer Science and Engineering (4 Years, Bachelor of Technology)",OPEN,Gender-Neutral,671,1151,2022,2
111,Indian Institute of Technology Indore,"Computer Science and Engineering (4 Years, Bachelor of Technology)",OPEN,Female-only (including Supernumerary),2102,2762,2022,2
112,Indian Institute of Technology Indore,"Electrical Engineering (4 Years, Bachelor of Technology)",OPEN,Gender-Neutral,2305,3599,2022,2
113,Indian Institute of Technology Indore,"Electrical Engineering (4 Years, Bachelor of Technology)",OPEN,Female-only (including Supernumerary),5293,7395,2022,2
114,Indian Institute of Technology Indore,"Mechanical Engineering (4 Years, Bachelor of Technology)",OPEN,Gender-Neutral,5052,7155,2022,2
115,Indian Institute of Technology Indore,"Mechanical Engineering (4 Years, Bachelor of Technology)",OPEN,Female-only (including Supernumerary),11083,13376,2022,2
116,Indian Institute of Technology Indore,"Metallurgical Engineering and Materials Science (4 Years, Bachelor of Technology)",OPEN,Gender-Neutral,8682,10723,2022,2
117,Indian Institute of Technology Indore,"Metallurgical Engineering and Materials Science (4 Years, Bachelor of Technology)",OPEN,Female-only (including Supernumerary),15777,17813,2022,2
118,Indian Institute of Technology Kharagpur,"Aerospace Engineering (4 Years, Bachelor of Technology)",OPEN,Gender-Neutral,3455,4888,2022,2
119,Indian Institute of Technology Kharagpur,"Aerospace Engineering (4 Years, Bachelor of Technology)",OPEN,Female-only (including Supernumerary),9562,9700,2022,2
120,Indian Institute of Technology Kharagpur,"Aerospace Engineering (5 Years, Bachelor and Master of Technology (Dual Degree))",OPEN,Gender-Neutral,4382,5416,2022,2
121,Indian Institute of Technology Kharagpur,"Aerospace Engineering (5 Years, Bachelor and Master of Technology (Dual Degree))",OPEN,Female-only (including Supernumerary),11128,12031,2022,2
122,Indian Institute of Technology Kharagpur,"Agricultural and Food Engineering (4 Years, Bachelor of Technology)",OPEN,Gender-Neutral,6747,8461,2022,2
123,Indian Institute of Technology Kharagpur,"Agricultural and Food Engineering (4 Years, Bachelor of Technology)",OPEN,Female-only (including Supernumerary),15051,15812,2022,2
124,Indian Institute of Technology Kharagpur,"Agricultural and Food Engineering with M.Tech. in any of the listed specializations (5 Years, Bachelor and Master of Technology (Dual Degree))",OPEN,Gender-Neutral,8720,9921,2022,2
125,Indian Institute of Technology Kharagpur,"Agricultural and Food Engineering with M.Tech. in any of the listed specializations (5 Years, Bachelor and Master of Technology (Dual Degree))",OPEN,Female-only (including Supernumerary),16279,17273,2022,2
126,Indian Institute of Technology Kharagpur,"Applied Geology (4 Years, Bachelor of Science)",OPEN,Gender-Neutral,2846,11548,2022,2
127,Indian Institute of Technology Kharagpur,"Applied Geology (4 Years, Bachelor of Science)",OPEN,Female-only (including Supernumerary),18822,20606,2022,2
128,Indian Institute of Technology Kharagpur,"Architecture (5 Years, Bachelor of Architecture)",OPEN,Gender-Neutral,8632,17417,2022,2
129,Indian Institute of Technology Kharagpur,"Architecture (5 Years, Bachelor of Architecture)",OPEN,Female-only (including Supernumerary),21365,24098,2022,2
130,Indian Institute of Technology Kharagpur,"Biotechnology and Biochemical Engineering (4 Years, Bachelor of Technology)",OPEN,Gender-Neutral,5830,7248,2022,2
131,Indian Institute of Technology Kharagpur,"Biotechnology and Biochemical Engineering (4 Years, Bachelor of Technology)",OPEN,Female-only (including Supernumerary),12620,13070,2022,2
132,Indian Institute of Technology Kharagpur,"Biotechnology and Biochemical Engineering (5 Years, Bachelor and Master of Technology (Dual Degree))",OPEN,Gender-Neutral,7374,8503,2022,2
133,Indian Institute of Technology Kharagpur,"Biotechnology and Biochemical Engineering (5 Years, Bachelor and Master of Technology (Dual Degree))",OPEN,Female-only (including Supernumerary),13568,14757,2022,2
134,Indian Institute of Technology Kharagpur,"Chemical Engineering (4 Years, Bachelor of Technology)",OPEN,Gender-Neutral,3141,4496,2022,2
135,Indian Institute of Technology Kharagpur,"Chemical Engineering (4 Years, Bachelor of Technology)",OPEN,Female-only (including Supernumerary),6608,9192,2022,2
136,Indian Institute of Technology Kharagpur,"Chemical Engineering (5 Years, Bachelor and Master of Technology (Dual Degree))",OPEN,Gender-Neutral,4846,5936,2022,2
137,Indian Institute of Technology Kharagpur,"Chemical Engineering (5 Years, Bachelor and Master of Technology (Dual Degree))",OPEN,Female-only (including Supernumerary),11606,11736,2022,2
138,Indian Institute of Technology Kharagpur,"Chemistry (4 Years, Bachelor of Science)",OPEN,Gender-Neutral,8665,11268,2022,2
139,Indian Institute of Technology Kharagpur,"Chemistry (4 Years, Bachelor of Science)",OPEN,Female-only (including Supernumerary),18229,18802,2022,2
140,Indian Institute of Technology Kharagpur,"Civil Engineering (4 Years, Bachelor of Technology)",OPEN,Gender-Neutral,4479,6080,2022,2
141,Indian Institute of Technology Kharagpur,"Civil Engineering (4 Years, Bachelor of Technology)",OPEN,Female-only (including Supernumerary),12063,12666,2022,2
142,Indian Institute of Technology Kharagpur,"Civil Engineering with any of the listed specialization (5 Years, Bachelor and Master of Technology (Dual Degree))",OPEN,Gender-Neutral,5424,7014,2022,2
143,Indian Institute of Technology Kharagpur,"Civil Engineering with any of the listed specialization (5 Years, Bachelor and Master of Technology (Dual Degree))",OPEN,Female-only (including Supernumerary),13117,14090,2022,2
144,Indian Institute of Technology Kharagpur,"Computer Science and Engineering (4 Years, Bachelor of Technology)",OPEN,Gender-Neutral,112,295,2022,2
145,Indian Institute of Technology Kharagpur,"Computer Science and Engineering (4 Years, Bachelor of Technology)",OPEN,Female-only (including Supernumerary),778,905,2022,2
146,Indian Institute of Technology Kharagpur,"Computer Science and Engineering (5 Years, Bachelor and Master of Technology (Dual Degree))",OPEN,Gender-Neutral,319,526,2022,2
147,Indian Institute of Technology Kharagpur,"Computer Science and Engineering (5 Years, Bachelor and Master of Technology (Dual Degree))",OPEN,Female-only (including Supernumerary),982,1256,2022,2
148,Indian Institute of Technology Kharagpur,"Economics (4 Years, Bachelor of Science)",OPEN,Gender-Neutral,3615,5439,2022,2
149,Indian Institute of Technology Kharagpur,"Economics (4 Years, Bachelor of Science)",OPEN,Female-only (including Supernumerary),7712,9527,2022,2
150,Indian Institute of Technology Kharagpur,"Electrical Engineering (4 Years, Bachelor of Technology)",OPEN,Gender-Neutral,1028,1693,2022,2
151,Indian Institute of Technology Kharagpur,"Electrical Engineering (4 Years, Bachelor of Technology)",OPEN,Female-only (including Supernumerary),3052,3676,2022,2
152,Indian Institute of Technology Kharagpur,"Electrical Engineering with M.Tech. in any of the listed specializations (5 Years, Bachelor and Master of Technology (Dual Degree))",OPEN,Gender-Neutral,1794,2231,2022,2
153,Indian Institute of Technology Kharagpur,"Electrical Engineering with M.Tech. in any of the listed specializations (5 Years, Bachelor and Master of Technology (Dual Degree))",OPEN,Female-only (including Supernumerary),3970,4951,2022,2
154,Indian Institute of Technology Kharagpur,"Electronics and Electrical Communication Engineering (4 Years, Bachelor of Technology)",OPEN,Gender-Neutral,434,1138,2022,2
155,Indian Institute of Technology Kharagpur,"Electronics and Electrical Communication Engineering (4 Years, Bachelor of Technology)",OPEN,Female-only (including Supernumerary),1654,2316,2022,2
156,Indian Institute of Technology Kharagpur,"Electronics and Electrical Communication Engineering with M.Tech. in any of the listed specializations (5 Years, Bachelor and Master of Technology (Dual Degree))",OPEN,Gender-Neutral,1206,1597,2022,2
157,Indian Institute of Technology Kharagpur,"Electronics and Electrical Communication Engineering with M.Tech. in any of the listed specializations (5 Years, Bachelor and Master of Technology (Dual Degree))",OPEN,Female-only (including Supernumerary),2632,3432,2022,2
158,Indian Institute of Technology Kharagpur,"Exploration Geophysics (4 Years, Bachelor of Science)",OPEN,Gender-Neutral,8524,10439,2022,2
159,Indian Institute of Technology Kharagpur,"Exploration Geophysics (4 Years, Bachelor of Science)",OPEN,Female-only (including Supernumerary),18575,20733,2022,2
160,Indian Institute of Technology Kharagpur,"Industrial and Systems Engineering (4 Years, Bachelor of Technology)",OPEN,Gender-Neutral,3256,4247,2022,2
161,Indian Institute of Technology Kharagpur,"Industrial and Systems Engineering (4 Years, Bachelor of Technology)",OPEN,Female-only (including Supernumerary),8027,9190,2022,2
162,Indian Institute of Technology Kharagpur,"Industrial and Systems Engineering with M.Tech. in Industrial and Systems Engineering and Management (5 Years, Bachelor and Master of Technology (Dual Degree))",OPEN,Gender-Neutral,4307,4991,2022,2
163,Indian Institute of Technology Kharagpur,"Industrial and Systems Engineering with M.Tech. in Industrial and Systems Engineering and Management (5 Years, Bachelor and Master of Technology (Dual Degree))",OPEN,Female-only (including Supernumerary),9398,12090,2022,2
164,Indian Institute of Technology Kharagpur,"Instrumentation Engineering (4 Years, Bachelor of Technology)",OPEN,Gender-Neutral,1637,2386,2022,2
165,Indian Institute of Technology Kharagpur,"Instrumentation Engineering (4 Years, Bachelor of Technology)",OPEN,Female-only (including Supernumerary),5373,5455,2022,2
166,Indian Institute of Technology Kharagpur,"Manufacturing Science and Engineering (4 Years, Bachelor of Technology)",OPEN,Gender-Neutral,4822,5717,2022,2
167,Indian Institute of Technology Kharagpur,"Manufacturing Science and Engineering (4 Years, Bachelor of Technology)",OPEN,Female-only (including Supernumerary),12126,12419,2022,2
168,Indian Institute of Technology Kharagpur,"Manufacturing Science and Engineering with M.Tech. in Industrial and Systems Engineering and Management (5 Years, Bachelor and Master of Technology (Dual Degree))",OPEN,Gender-Neutral,6025,6321,2022,2
169,Indian Institute of Technology Kharagpur,"Manufacturing Science and Engineering with M.Tech. in Industrial and Systems Engineering and Management (5 Years, Bachelor and Master of Technology (Dual Degree))",OPEN,Female-only (including Supernumerary),12657,12951,2022,2
170,Indian Institute of Technology Kharagpur,"Mathematics and Computing (4 Years, Bachelor of Science)",OPEN,Gender-Neutral,711,1323,2022,2
171,Indian Institute of Technology Kharagpur,"Mathematics and Computing (4 Years, Bachelor of Science)",OPEN,Female-only (including Supernumerary),3161,3665,2022,2
172,Indian Institute of Technology Kharagpur,"Mechanical Engineering (4 Years, Bachelor of Technology)",OPEN,Gender-Neutral,2042,3122,2022,2
173,Indian Institute of Technology Kharagpur,"Mechanical Engineering (4 Years, Bachelor of Technology)",OPEN,Female-only (including Supernumerary),5533,8870,2022,2
174,Indian Institute of Technology Kharagpur,"Mechanical Engineering with M.Tech. in any of the listed specializations (5 Years, Bachelor and Master of Technology (Dual Degree))",OPEN,Gender-Neutral,3137,4708,2022,2
175,Indian Institute of Technology Kharagpur,"Mechanical Engineering with M.Tech. in any of the listed specializations (5 Years, Bachelor and Master of Technology (Dual Degree))",OPEN,Female-only (including Supernumerary),9315,10784,2022,2
176,Indian Institute of Technology Kharagpur,"Metallurgical and Materials Engineering (4 Years, Bachelor of Technology)",OPEN,Gender-Neutral,5297,6557,2022,2
177,Indian Institute of Technology Kharagpur,"Metallurgical and Materials Engineering (4 Years, Bachelor of Technology)",OPEN,Female-only (including Supernumerary),11706,12375,2022,2
178,Indian Institute of Technology Kharagpur,"Metallurgical and Materials Engineering (5 Years, Bachelor and Master of Technology (Dual Degree))",OPEN,Gender-Neutral,6644,7291,2022,2
179,Indian Institute of Technology Kharagpur,"Metallurgical and Materials Engineering (5 Years, Bachelor and Master of Technology (Dual Degree))",OPEN,Female-only (including Supernumerary),15153,15734,2022,2
180,Indian Institute of Technology Kharagpur,"Mining Engineering (4 Years, Bachelor of Technology)",OPEN,Gender-Neutral,7169,8275,2022,2
181,Indian Institute of Technology Kharagpur,"Mining Engineering (4 Years, Bachelor of Technology)",OPEN,Female-only (including Supernumerary),16220,16942,2022,2
182,Indian Institute of Technology Kharagpur,"Mining Engineering (5 Years, Bachelor and Master of Technology (Dual Degree))",OPEN,Gender-Neutral,8442,9001,2022,2
183,Indian Institute of Technology Kharagpur,"Mining Engineering (5 Years, Bachelor and Master of Technology (Dual Degree))",OPEN,Female-only (including Supernumerary),17128,18441,2022,2
184,Indian Institute of Technology Kharagpur,"Mining Safety Engineering (5 Years, Bachelor and Master of Technology (Dual Degree))",OPEN,Gender-Neutral,9371,9871,2022,2
185,Indian Institute of Technology Kharagpur,"Mining Safety Engineering (5 Years, Bachelor and Master of Technology (Dual Degree))",OPEN,Female-only (including Supernumerary),18055,20265,2022,2
186,Indian Institute of Technology Kharagpur,"Ocean Engineering and Naval Architecture (4 Years, Bachelor of Technology)",OPEN,Gender-Neutral,6723,8043,2022,2
187,Indian Institute of Technology Kharagpur,"Ocean Engineering and Naval Architecture (4 Years, Bachelor of Technology)",OPEN,Female-only (including Supernumerary),13783,14690,2022,2
188,Indian Institute of Technology Kharagpur,"Ocean Engineering and Naval Architecture (5 Years, Bachelor and Master of Technology (Dual Degree))",OPEN,Gender-Neutral,8056,8825,2022,2
189,Indian Institute of Technology Kharagpur,"Ocean Engineering and Naval Architecture (5 Years, Bachelor and Master of Technology (Dual Degree))",OPEN,Female-only (including Supernumerary),15162,15927,2022,2
190,Indian Institute of Technology Kharagpur,"Physics (4 Years, Bachelor of Science)",OPEN,Gender-Neutral,4993,7987,2022,2
191,Indian Institute of Technology Kharagpur,"Physics (4 Years, Bachelor of Science)",OPEN,Female-only (including Supernumerary),14043,17376,2022,2
192,Indian Institute of Technology Hyderabad,"Artificial Intelligence (4 Years, Bachelor of Technology)",OPEN,Gender-Neutral,619,783,2022,2
193,Indian Institute of Technology Hyderabad,"Artificial Intelligence (4 Years, Bachelor of Technology)",OPEN,Female-only (including Supernumerary),1816,2043,2022,2
194,Indian Institute of Technology Hyderabad,"Biomedical Engineering (4 Years, Bachelor of Technology)",OPEN,Gender-Neutral,6228,9065,2022,2
195,Indian Institute of Technology Hyderabad,"Biomedical Engineering (4 Years, Bachelor of Technology)",OPEN,Female-only (including Supernumerary),11785,12043,2022,2
196,Indian Institute of Technology Hyderabad,"Biotechnology and Bioinformatics (4 Years, Bachelor of Technology)",OPEN,Gender-Neutral,7545,8935,2022,2
197,Indian Institute of Technology Hyderabad,"Biotechnology and Bioinformatics (4 Years, Bachelor of Technology)",OPEN,Female-only (including Supernumerary),10714,10714,2022,2
198,Indian Institute of Technology Hyderabad,"Chemical Engineering (4 Years, Bachelor of Technology)",OPEN,Gender-Neutral,4495,6371,2022,2
199,Indian Institute of Technology Hyderabad,"Chemical Engineering (4 Years, Bachelor of Technology)",OPEN,Female-only (including Supernumerary),10056,11329,2022,2
200,Indian Institute of Technology Hyderabad,"Civil Engineering (4 Years, Bachelor of Technology)",OPEN,Gender-Neutral,6664,8032,2022,2
201,Indian Institute of Technology Hyderabad,"Civil Engineering (4 Years, Bachelor of Technology)",OPEN,Female-only (including Supernumerary),12078,13887,2022,2
202,Indian Institute of Technology Hyderabad,"Computational Engineering (4 Years, Bachelor of Technology)",OPEN,Gender-Neutral,1212,1550,2022,2
203,Indian Institute of Technology Hyderabad,"Computational Engineering (4 Years, Bachelor of Technology)",OPEN,Female-only (including Supernumerary),3260,3260,2022,2
204,Indian Institute of Technology Hyderabad,"Computer Science and Engineering (4 Years, Bachelor of Technology)",OPEN,Gender-Neutral,368,585,2022,2
205,Indian Institute of Technology Hyderabad,"Computer Science and Engineering (4 Years, Bachelor of Technology)",OPEN,Female-only (including Supernumerary),631,1503,2022,2
206,Indian Institute of Technology Hyderabad,"Electrical Engineering (4 Years, Bachelor of Technology)",OPEN,Gender-Neutral,1383,2230,2022,2
207,Indian Institute of Technology Hyderabad,"Electrical Engineering (4 Years, Bachelor of Technology)",OPEN,Female-only (including Supernumerary),2592,3294,2022,2
208,Indian Institute of Technology Hyderabad,"Electrical Engineering (IC Design and Technology) (4 Years, Bachelor of Technology)",OPEN,Gender-Neutral,1558,2434,2022,2
209,Indian Institute of Technology Hyderabad,"Electrical Engineering (IC Design and Technology) (4 Years, Bachelor of Technology)",OPEN,Female-only (including Supernumerary),2840,4082,2022,2
210,Indian Institute of Technology Hyderabad,"Engineering Physics (4 Years, Bachelor of Technology)",OPEN,Gender-Neutral,2871,5788,2022,2
211,Indian Institute of Technology Hyderabad,"Engineering Physics (4 Years, Bachelor of Technology)",OPEN,Female-only (including Supernumerary),9251,10587,2022,2
212,Indian Institute of Technology Hyderabad,"Engineering Science (4 Years, Bachelor of Technology)",OPEN,Gender-Neutral,2000,3946,2022,2
213,Indian Institute of Technology Hyderabad,"Engineering Science (4 Years, Bachelor of Technology)",OPEN,Female-only (including Supernumerary),5319,7402,2022,2
214,Indian Institute of Technology Hyderabad,"Industrial Chemistry (4 Years, Bachelor of Technology)",OPEN,Gender-Neutral,6822,8740,2022,2
215,Indian Institute of Technology Hyderabad,"Industrial Chemistry (4 Years, Bachelor of Technology)",OPEN,Female-only (including Supernumerary),13828,13828,2022,2
216,Indian Institute of Technology Hyderabad,"Materials Science and Metallurgical Engineering (4 Years, Bachelor of Technology)",OPEN,Gender-Neutral,6981,8198,2022,2
217,Indian Institute of Technology Hyderabad,"Materials Science and Metallurgical Engineering (4 Years, Bachelor of Technology)",OPEN,Female-only (including Supernumerary),13277,13850,2022,2
218,Indian Institute of Technology Hyderabad,"Mathematics and Computing (4 Years, Bachelor of Technology)",OPEN,Gender-Neutral,658,1090,2022,2
219,Indian Institute of Technology Hyderabad,"Mathematics and Computing (4 Years, Bachelor of Technology)",OPEN,Female-only (including Supernumerary),2194,2546,2022,2
220,Indian Institute of Technology Hyderabad,"Mechanical Engineering (4 Years, Bachelor of Technology)",OPEN,Gender-Neutral,3273,4941,2022,2
221,Indian Institute of Technology Hyderabad,"Mechanical Engineering (4 Years, Bachelor of Technology)",OPEN,Female-only (including Supernumerary),8388,10167,2022,2
222,Indian Institute of Technology Jodhpur,"Artificial Intelligence and Data Science (4 Years, Bachelor of Technology)",OPEN,Gender-Neutral,2509,3127,2022,2
223,Indian Institute of Technology Jodhpur,"Artificial Intelligence and Data Science (4 Years, Bachelor of Technology)",OPEN,Female-only (including Supernumerary),5569,6465,2022,2
224,Indian Institute of Technology Jodhpur,"Bio Engineering (4 Years, Bachelor of Technology)",OPEN,Gender-Neutral,8434,13493,2022,2
225,Indian Institute of Technology Jodhpur,"Bio Engineering (4 Years, Bachelor of Technology)",OPEN,Female-only (including Supernumerary),15081,19464,2022,2
226,Indian Institute of Technology Jodhpur,"Chemical Engineering (4 Years, Bachelor of Technology)",OPEN,Gender-Neutral,7808,10571,2022,2
227,Indian Institute of Technology Jodhpur,"Chemical Engineering (4 Years, Bachelor of Technology)",OPEN,Female-only (including Supernumerary),15133,17756,2022,2
228,Indian Institute of Technology Jodhpur,"Chemistry with Specialization (4 Years, Bachelor of Science)",OPEN,Gender-Neutral,12892,14125,2022,2
229,Indian Institute of Technology Jodhpur,"Chemistry with Specialization (4 Years, Bachelor of Science)",OPEN,Female-only (including Supernumerary),22795,23260,2022,2
230,Indian Institute of Technology Jodhpur,"Civil and Infrastructure Engineering (4 Years, Bachelor of Technology)",OPEN,Gender-Neutral,10377,11941,2022,2
231,Indian Institute of Technology Jodhpur,"Civil and Infrastructure Engineering (4 Years, Bachelor of Technology)",OPEN,Female-only (including Supernumerary),18446,19660,2022,2
232,Indian Institute of Technology Jodhpur,"Computer Science and Engineering (4 Years, Bachelor of Technology)",OPEN,Gender-Neutral,1179,2378,2022,2
233,Indian Institute of Technology Jodhpur,"Computer Science and Engineering (4 Years, Bachelor of Technology)",OPEN,Female-only (including Supernumerary),3626,5380,2022,2
234,Indian Institute of Technology Jodhpur,"Electrical Engineering (4 Years, Bachelor of Technology)",OPEN,Gender-Neutral,3369,6268,2022,2
235,Indian Institute of Technology Jodhpur,"Electrical Engineering (4 Years, Bachelor of Technology)",OPEN,Female-only (including Supernumerary),8443,11025,2022,2
236,Indian Institute of Technology Jodhpur,"Materials Engineering (4 Years, Bachelor of Technology)",OPEN,Gender-Neutral,11490,12974,2022,2
237,Indian Institute of Technology Jodhpur,"Materials Engineering (4 Years, Bachelor of Technology)",OPEN,Female-only (including Supernumerary),20053,20909,2022,2
238,Indian Institute of Technology Jodhpur,"Mechanical Engineering (4 Years, Bachelor of Technology)",OPEN,Gender-Neutral,6434,9356,2022,2
239,Indian Institute of Technology Jodhpur,"Mechanical Engineering (4 Years, Bachelor of Technology)",OPEN,Female-only (including Supernumerary),13002,16897,2022,2
240,Indian Institute of Technology Jodhpur,"Physics with Specialization (4 Years, Bachelor of Science)",OPEN,Gender-Neutral,8679,12759,2022,2
241,Indian Institute of Technology Jodhpur,"Physics with Specialization (4 Years, Bachelor of Science)",OPEN,Female-only (including Supernumerary),19848,22103,2022,2
242,Indian Institute of Technology Kanpur,"Aerospace Engineering (4 Years, Bachelor of Technology)",OPEN,Gender-Neutral,3218,4422,2022,2
243,Indian Institute of Technology Kanpur,"Aerospace Engineering (4 Years, Bachelor of Technology)",OPEN,Female-only (including Supernumerary),7414,9510,2022,2
244,Indian Institute of Technology Kanpur,"Biological Sciences and Bioengineering (4 Years, Bachelor of Technology)",OPEN,Gender-Neutral,4797,6927,2022,2
245,Indian Institute of Technology Kanpur,"Biological Sciences and Bioengineering (4 Years, Bachelor of Technology)",OPEN,Female-only (including Supernumerary),7344,12011,2022,2
246,Indian Institute of Technology Kanpur,"Chemical Engineering (4 Years, Bachelor of Technology)",OPEN,Gender-Neutral,2504,4429,2022,2
247,Indian Institute of Technology Kanpur,"Chemical Engineering (4 Years, Bachelor of Technology)",OPEN,Female-only (including Supernumerary),4865,7516,2022,2
248,Indian Institute of Technology Kanpur,"Chemistry (4 Years, Bachelor of Science)",OPEN,Gender-Neutral,7435,9164,2022,2
249,Indian Institute of Technology Kanpur,"Chemistry (4 Years, Bachelor of Science)",OPEN,Female-only (including Supernumerary),16579,18131,2022,2
250,Indian Institute of Technology Kanpur,"Civil Engineering (4 Years, Bachelor of Technology)",OPEN,Gender-Neutral,4341,5912,2022,2
251,Indian Institute of Technology Kanpur,"Civil Engineering (4 Years, Bachelor of Technology)",OPEN,Female-only (including Supernumerary),8858,12313,2022,2
252,Indian Institute of Technology Kanpur,"Computer Science and Engineering (4 Years, Bachelor of Technology)",OPEN,Gender-Neutral,107,236,2022,2
253,Indian Institute of Technology Kanpur,"Computer Science and Engineering (4 Years, Bachelor of Technology)",OPEN,Female-only (including Supernumerary),545,766,2022,2
254,Indian Institute of Technology Kanpur,"Earth Sciences (4 Years, Bachelor of Science)",OPEN,Gender-Neutral,6266,9421,2022,2
255,Indian Institute of Technology Kanpur,"Earth Sciences (4 Years, Bachelor of Science)",OPEN,Female-only (including Supernumerary),14605,17979,2022,2
256,Indian Institute of Technology Kanpur,"Economics (4 Years, Bachelor of Science)",OPEN,Gender-Neutral,2403,3300,2022,2
257,Indian Institute of Technology Kanpur,"Economics (4 Years, Bachelor of Science)",OPEN,Female-only (including Supernumerary),4964,6825,2022,2
258,Indian Institute of Technology Kanpur,"Electrical Engineering (4 Years, Bachelor of Technology)",OPEN,Gender-Neutral,705,1360,2022,2
259,Indian Institute of Technology Kanpur,"Electrical Engineering (4 Years, Bachelor of Technology)",OPEN,Female-only (including Supernumerary),2166,3169,2022,2
260,Indian Institute of Technology Kanpur,"Materials Science and Engineering (4 Years, Bachelor of Technology)",OPEN,Gender-Neutral,4626,6383,2022,2
261,Indian Institute of Technology Kanpur,"Materials Science and Engineering (4 Years, Bachelor of Technology)",OPEN,Female-only (including Supernumerary),10097,12590,2022,2
262,Indian Institute of Technology Kanpur,"Mathematics and Scientific Computing (4 Years, Bachelor of Science)",OPEN,Gender-Neutral,471,1143,2022,2
263,Indian Institute of Technology Kanpur,"Mathematics and Scientific Computing (4 Years, Bachelor of Science)",OPEN,Female-only (including Supernumerary),2212,2856,2022,2
264,Indian Institute of Technology Kanpur,"Mechanical Engineering (4 Years, Bachelor of Technology)",OPEN,Gender-Neutral,1772,2987,2022,2
265,Indian Institute of Technology Kanpur,"Mechanical Engineering (4 Years, Bachelor of Technology)",OPEN,Female-only (including Supernumerary),4746,8176,2022,2
266,Indian Institute of Technology Kanpur,"Physics (4 Years, Bachelor of Science)",OPEN,Gender-Neutral,1010,5188,2022,2
267,Indian Institute of Technology Kanpur,"Physics (4 Years, Bachelor of Science)",OPEN,Female-only (including Supernumerary),8845,12428,2022,2
268,Indian Institute of Technology Kanpur,"Statistics and Data Science (4 Years, Bachelor of Science)",OPEN,Gender-Neutral,817,1082,2022,2
269,Indian Institute of Technology Kanpur,"Statistics and Data Science (4 Years, Bachelor of Science)",OPEN,Female-only (including Supernumerary),3018,3060,2022,2
270,Indian Institute of Technology Madras,"Aerospace Engineering (4 Years, Bachelor of Technology)",OPEN,Gender-Neutral,1245,3707,2022,2
271,Indian Institute of Technology Madras,"Aerospace Engineering (4 Years, Bachelor of Technology)",OPEN,Female-only (including Supernumerary),1602,7880,2022,2
272,Indian Institute of Technology Madras,"Aerospace Engineering (5 Years, Bachelor and Master of Technology (Dual Degree))",OPEN,Gender-Neutral,4647,4753,2022,2
273,Indian Institute of Technology Madras,"Aerospace Engineering (5 Years, Bachelor and Master of Technology (Dual Degree))",OPEN,Female-only (including Supernumerary),7705,7705,2022,2
274,Indian Institute of Technology Madras,"Biological Engineering (5 Years, Bachelor and Master of Technology (Dual Degree))",OPEN,Gender-Neutral,1676,7715,2022,2
275,Indian Institute of Technology Madras,"Biological Engineering (5 Years, Bachelor and Master of Technology (Dual Degree))",OPEN,Female-only (including Supernumerary),4363,5674,2022,2
276,Indian Institute of Technology Madras,"Biological Sciences (5 Years, Bachelor of Science and Master of Science (Dual Degree))",OPEN,Gender-Neutral,7710,11166,2022,2
277,Indian Institute of Technology Madras,"Biological Sciences (5 Years, Bachelor of Science and Master of Science (Dual Degree))",OPEN,Female-only (including Supernumerary),13552,16460,2022,2
278,Indian Institute of Technology Madras,"Chemical Engineering (4 Years, Bachelor of Technology)",OPEN,Gender-Neutral,1276,4477,2022,2
279,Indian Institute of Technology Madras,"Chemical Engineering (4 Years, Bachelor of Technology)",OPEN,Female-only (including Supernumerary),4701,8775,2022,2
280,Indian Institute of Technology Madras,"Civil Engineering (4 Years, Bachelor of Technology)",OPEN,Gender-Neutral,4224,5927,2022,2
281,Indian Institute of Technology Madras,"Civil Engineering (4 Years, Bachelor of Technology)",OPEN,Female-only (including Supernumerary),9204,10183,2022,2
282,Indian Institute of Technology Madras,"Computer Science and Engineering (4 Years, Bachelor of Technology)",OPEN,Gender-Neutral,6,167,2022,2
283,Indian Institute of Technology Madras,"Computer Science and Engineering (4 Years, Bachelor of Technology)",OPEN,Female-only (including Supernumerary),425,617,2022,2
284,Indian Institute of Technology Madras,"Electrical Engineering (4 Years, Bachelor of Technology)",OPEN,Gender-Neutral,252,985,2022,2
285,Indian Institute of Technology Madras,"Electrical Engineering (4 Years, Bachelor of Technology)",OPEN,Female-only (including Supernumerary),620,2184,2022,2
286,Indian Institute of Technology Madras,"Engineering Design (5 Years, Bachelor and Master of Technology (Dual Degree))",OPEN,Gender-Neutral,2353,5365,2022,2
287,Indian Institute of Technology Madras,"Engineering Design (5 Years, Bachelor and Master of Technology (Dual Degree))",OPEN,Female-only (including Supernumerary),5932,8618,2022,2
288,Indian Institute of Technology Madras,"Engineering Physics (4 Years, Bachelor of Technology)",OPEN,Gender-Neutral,1062,2037,2022,2
289,Indian Institute of Technology Madras,"Engineering Physics (4 Years, Bachelor of Technology)",OPEN,Female-only (including Supernumerary),3807,7936,2022,2
290,Indian Institute of Technology Madras,"Mechanical Engineering (4 Years, Bachelor of Technology)",OPEN,Gender-Neutral,827,2677,2022,2
291,Indian Institute of Technology Madras,"Mechanical Engineering (4 Years, Bachelor of Technology)",OPEN,Female-only (including Supernumerary),2783,6727,2022,2
292,Indian Institute of Technology Madras,"Metallurgical and Materials Engineering (4 Years, Bachelor of Technology)",OPEN,Gender-Neutral,4279,6043,2022,2
293,Indian Institute of Technology Madras,"Metallurgical and Materials Engineering (4 Years, Bachelor of Technology)",OPEN,Female-only (including Supernumerary),8921,10994,2022,2
294,Indian Institute of Technology Madras,"Naval Architecture and Ocean Engineering (4 Years, Bachelor of Technology)",OPEN,Gender-Neutral,5877,7693,2022,2
295,Indian Institute of Technology Madras,"Naval Architecture and Ocean Engineering (4 Years, Bachelor of Technology)",OPEN,Female-only (including Supernumerary),9043,13521,2022,2
296,Indian Institute of Technology Madras,"Physics (5 Years, Bachelor of Science and Master of Science (Dual Degree))",OPEN,Gender-Neutral,106,2647,2022,2
297,Indian Institute of Technology Madras,"Physics (5 Years, Bachelor of Science and Master of Science (Dual Degree))",OPEN,Female-only (including Supernumerary),10266,10266,2022,2
298,Indian Institute of Technology Gandhinagar,"Chemical Engineering (4 Years, Bachelor of Technology)",OPEN,Gender-Neutral,5991,8900,2022,2
299,Indian Institute of Technology Gandhinagar,"Chemical Engineering (4 Years, Bachelor of Technology)",OPEN,Female-only (including Supernumerary),14421,14914,2022,2
300,Indian Institute of Technology Gandhinagar,"Civil Engineering (4 Years, Bachelor of Technology)",OPEN,Gender-Neutral,9199,10341,2022,2
301,Indian Institute of Technology Gandhinagar,"Civil Engineering (4 Years, Bachelor of Technology)",OPEN,Female-only (including Supernumerary),15577,16532,2022,2
302,Indian Institute of Technology Gandhinagar,"Computer Science and Engineering (4 Years, Bachelor of Technology)",OPEN,Gender-Neutral,1201,1352,2022,2
303,Indian Institute of Technology Gandhinagar,"Computer Science and Engineering (4 Years, Bachelor of Technology)",OPEN,Female-only (including Supernumerary),3000,3270,2022,2
304,Indian Institute of Technology Gandhinagar,"Computer Science and Engineering (5 Years, Bachelor and Master of Technology (Dual Degree))",OPEN,Gender-Neutral,1444,1806,2022,2
305,Indian Institute of Technology Gandhinagar,"Computer Science and Engineering (5 Years, Bachelor and Master of Technology (Dual Degree))",OPEN,Female-only (including Supernumerary),3809,4376,2022,2
306,Indian Institute of Technology Gandhinagar,"Electrical Engineering (4 Years, Bachelor of Technology)",OPEN,Gender-Neutral,2521,3890,2022,2
307,Indian Institute of Technology Gandhinagar,"Electrical Engineering (4 Years, Bachelor of Technology)",OPEN,Female-only (including Supernumerary),5902,7522,2022,2
308,Indian Institute of Technology Gandhinagar,"Electrical Engineering (5 Years, Bachelor and Master of Technology (Dual Degree))",OPEN,Gender-Neutral,3914,4869,2022,2
309,Indian Institute of Technology Gandhinagar,"Electrical Engineering (5 Years, Bachelor and Master of Technology (Dual Degree))",OPEN,Female-only (including Supernumerary),9406,10297,2022,2
310,Indian Institute of Technology Gandhinagar,"Materials Engineering (4 Years, Bachelor of Technology)",OPEN,Gender-Neutral,9150,10696,2022,2
311,Indian Institute of Technology Gandhinagar,"Materials Engineering (4 Years, Bachelor of Technology)",OPEN,Female-only (including Supernumerary),12838,15820,2022,2
312,Indian Institute of Technology Gandhinagar,"Mechanical Engineering (4 Years, Bachelor of Technology)",OPEN,Gender-Neutral,5303,6885,2022,2
313,Indian Institute of Technology Gandhinagar,"Mechanical Engineering (4 Years, Bachelor of Technology)",OPEN,Female-only (including Supernumerary),10316,12243,2022,2
314,Indian Institute of Technology Patna,"Artificial Intelligence and Data Science (4 Years, Bachelor of Technology)",OPEN,Gender-Neutral,2888,3550,2022,2
315,Indian Institute of Technology Patna,"Artificial Intelligence and Data Science (4 Years, Bachelor of Technology)",OPEN,Female-only (including Supernumerary),6130,7115,2022,2
316,Indian Institute of Technology Patna,"Chemical Engineering (4 Years, Bachelor of Technology)",OPEN,Gender-Neutral,10138,11876,2022,2
317,Indian Institute of Technology Patna,"Chemical Engineering (4 Years, Bachelor of Technology)",OPEN,Female-only (including Supernumerary),18108,19143,2022,2
318,Indian Institute of Technology Patna,"Civil Engineering (4 Years, Bachelor of Technology)",OPEN,Gender-Neutral,11417,12701,2022,2
319,Indian Institute of Technology Patna,"Civil Engineering (4 Years, Bachelor of Technology)",OPEN,Female-only (including Supernumerary),20691,21646,2022,2
320,Indian Institute of Technology Patna,"Computer Science and Engineering (4 Years, Bachelor of Technology)",OPEN,Gender-Neutral,1491,2536,2022,2
321,Indian Institute of Technology Patna,"Computer Science and Engineering (4 Years, Bachelor of Technology)",OPEN,Female-only (including Supernumerary),4458,5914,2022,2
322,Indian Institute of Technology Patna,"Electrical and Electronics Engineering (4 Years, Bachelor of Technology)",OPEN,Gender-Neutral,5294,6575,2022,2
323,Indian Institute of Technology Patna,"Electrical and Electronics Engineering (4 Years, Bachelor of Technology)",OPEN,Female-only (including Supernumerary),10371,10814,2022,2
324,Indian Institute of Technology Patna,"Engineering Physics (4 Years, Bachelor of Technology)",OPEN,Gender-Neutral,9839,11440,2022,2
325,Indian Institute of Technology Patna,"Engineering Physics (4 Years, Bachelor of Technology)",OPEN,Female-only (including Supernumerary),18952,19876,2022,2
326,Indian Institute of Technology Patna,"Mathematics and Computing (4 Years, Bachelor of Science)",OPEN,Gender-Neutral,4009,5747,2022,2
327,Indian Institute of Technology Patna,"Mathematics and Computing (4 Years, Bachelor of Science)",OPEN,Female-only (including Supernumerary),6970,10027,2022,2
328,Indian Institute of Technology Patna,"Mechanical Engineering (4 Years, Bachelor of Technology)",OPEN,Gender-Neutral,7165,9726,2022,2
329,Indian Institute of Technology Patna,"Mechanical Engineering (4 Years, Bachelor of Technology)",OPEN,Female-only (including Supernumerary),16821,18516,2022,2
330,Indian Institute of Technology Patna,"Metallurgical and Materials Engineering (4 Years, Bachelor of Technology)",OPEN,Gender-Neutral,12896,13875,2022,2
331,Indian Institute of Technology Patna,"Metallurgical and Materials Engineering (4 Years, Bachelor of Technology)",OPEN,Female-only (including Supernumerary),21755,22202,2022,2
332,Indian Institute of Technology Roorkee,"Architecture (5 Years, Bachelor of Architecture)",OPEN,Gender-Neutral,15014,16977,2022,2
333,Indian Institute of Technology Roorkee,"Architecture (5 Years, Bachelor of Architecture)",OPEN,Female-only (including Supernumerary),9537,23933,2022,2
334,Indian Institute of Technology Roorkee,"Biosciences and Bioengineering (4 Years, Bachelor of Technology)",OPEN,Gender-Neutral,6480,7293,2022,2
335,Indian Institute of Technology Roorkee,"Biosciences and Bioengineering (4 Years, Bachelor of Technology)",OPEN,Female-only (including Supernumerary),10909,13326,2022,2
336,Indian Institute of Technology Roorkee,"Chemical Engineering (4 Years, Bachelor of Technology)",OPEN,Gender-Neutral,3754,4962,2022,2
337,Indian Institute of Technology Roorkee,"Chemical Engineering (4 Years, Bachelor of Technology)",OPEN,Female-only (including Supernumerary),5930,9886,2022,2
338,Indian Institute of Technology Roorkee,"Chemical Sciences (5 Years, Bachelor of Science and Master of Science (Dual Degree))",OPEN,Gender-Neutral,10030,11099,2022,2
339,Indian Institute of Technology Roorkee,"Chemical Sciences (5 Years, Bachelor of Science and Master of Science (Dual Degree))",OPEN,Female-only (including Supernumerary),18073,19515,2022,2
340,Indian Institute of Technology Roorkee,"Civil Engineering (4 Years, Bachelor of Technology)",OPEN,Gender-Neutral,4433,6523,2022,2
341,Indian Institute of Technology Roorkee,"Civil Engineering (4 Years, Bachelor of Technology)",OPEN,Female-only (including Supernumerary),8677,13090,2022,2
342,Indian Institute of Technology Roorkee,"Computer Science and Engineering (4 Years, Bachelor of Technology)",OPEN,Gender-Neutral,271,408,2022,2
343,Indian Institute of Technology Roorkee,"Computer Science and Engineering (4 Years, Bachelor of Technology)",OPEN,Female-only (including Supernumerary),1011,1463,2022,2
344,Indian Institute of Technology Roorkee,"Data Science and Artificial Intelligence (4 Years, Bachelor of Technology)",OPEN,Gender-Neutral,535,822,2022,2
345,Indian Institute of Technology Roorkee,"Data Science and Artificial Intelligence (4 Years, Bachelor of Technology)",OPEN,Female-only (including Supernumerary),1493,2228,2022,2
346,Indian Institute of Technology Roorkee,"Economics (5 Years, Bachelor of Science and Master of Science (Dual Degree))",OPEN,Gender-Neutral,5018,6306,2022,2
347,Indian Institute of Technology Roorkee,"Economics (5 Years, Bachelor of Science and Master of Science (Dual Degree))",OPEN,Female-only (including Supernumerary),9725,11071,2022,2
348,Indian Institute of Technology Roorkee,"Electrical Engineering (4 Years, Bachelor of Technology)",OPEN,Gender-Neutral,1479,2103,2022,2
349,Indian Institute of Technology Roorkee,"Electrical Engineering (4 Years, Bachelor of Technology)",OPEN,Female-only (including Supernumerary),3406,4871,2022,2
350,Indian Institute of Technology Roorkee,"Electronics and Communication Engineering (4 Years, Bachelor of Technology)",OPEN,Gender-Neutral,648,1412,2022,2
351,Indian Institute of Technology Roorkee,"Electronics and Communication Engineering (4 Years, Bachelor of Technology)",OPEN,Female-only (including Supernumerary),1789,2932,2022,2
352,Indian Institute of Technology Roorkee,"Engineering Physics (4 Years, Bachelor of Technology)",OPEN,Gender-Neutral,2972,4803,2022,2
353,Indian Institute of Technology Roorkee,"Engineering Physics (4 Years, Bachelor of Technology)",OPEN,Female-only (including Supernumerary),11139,11906,2022,2
354,Indian Institute of Technology Roorkee,"Geological Technology (5 Years, Integrated Master of Technology)",OPEN,Gender-Neutral,7680,10133,2022,2
355,Indian Institute of Technology Roorkee,"Geological Technology (5 Years, Integrated Master of Technology)",OPEN,Female-only (including Supernumerary),13021,17890,2022,2
356,Indian Institute of Technology Roorkee,"Geophysical Technology (5 Years, Integrated Master of Technology)",OPEN,Gender-Neutral,8096,9236,2022,2
357,Indian Institute of Technology Roorkee,"Geophysical Technology (5 Years, Integrated Master of Technology)",OPEN,Female-only (including Supernumerary),15724,18782,2022,2
358,Indian Institute of Technology Roorkee,"Mathematics & Computing (5 Years, Bachelor of Science and Master of Science (Dual Degree))",OPEN,Gender-Neutral,1264,1556,2022,2
359,Indian Institute of Technology Roorkee,"Mathematics & Computing (5 Years, Bachelor of Science and Master of Science (Dual Degree))",OPEN,Female-only (including Supernumerary),3458,4106,2022,2
360,Indian Institute of Technology Roorkee,"Mechanical Engineering (4 Years, Bachelor of Technology)",OPEN,Gender-Neutral,2127,3745,2022,2
361,Indian Institute of Technology Roorkee,"Mechanical Engineering (4 Years, Bachelor of Technology)",OPEN,Female-only (including Supernumerary),7485,9618,2022,2
362,Indian Institute of Technology Roorkee,"Metallurgical and Materials Engineering (4 Years, Bachelor of Technology)",OPEN,Gender-Neutral,5595,6920,2022,2
363,Indian Institute of Technology Roorkee,"Metallurgical and Materials Engineering (4 Years, Bachelor of Technology)",OPEN,Female-only (including Supernumerary),10263,13613,2022,2
364,Indian Institute of Technology Roorkee,"Physics (5 Years, Bachelor of Science and Master of Science (Dual Degree))",OPEN,Gender-Neutral,5842,8344,2022,2
365,Indian Institute of Technology Roorkee,"Physics (5 Years, Bachelor of Science and Master of Science (Dual Degree))",OPEN,Female-only (including Supernumerary),13807,14469,2022,2
366,Indian Institute of Technology Roorkee,"Production and Industrial Engineering (4 Years, Bachelor of Technology)",OPEN,Gender-Neutral,4641,5460,2022,2
367,Indian Institute of Technology Roorkee,"Production and Industrial Engineering (4 Years, Bachelor of Technology)",OPEN,Female-only (including Supernumerary),11401,12366,2022,2
368,Indian Institute of Technology (ISM) Dhanbad,"Applied Geology (5 Years, Integrated Master of Technology)",OPEN,Gender-Neutral,12070,14154,2022,2
369,Indian Institute of Technology (ISM) Dhanbad,"Applied Geology (5 Years, Integrated Master of Technology)",OPEN,Female-only (including Supernumerary),22862,22862,2022,2
370,Indian Institute of Technology (ISM) Dhanbad,"Applied Geophysics (5 Years, Integrated Master of Technology)",OPEN,Gender-Neutral,13881,14058,2022,2
371,Indian Institute of Technology (ISM) Dhanbad,"Applied Geophysics (5 Years, Integrated Master of Technology)",OPEN,Female-only (including Supernumerary),22825,22825,2022,2
372,Indian Institute of Technology (ISM) Dhanbad,"Chemical Engineering (4 Years, Bachelor of Technology)",OPEN,Gender-Neutral,9252,10708,2022,2
373,Indian Institute of Technology (ISM) Dhanbad,"Chemical Engineering (4 Years, Bachelor of Technology)",OPEN,Female-only (including Supernumerary),10830,16812,2022,2
374,Indian Institute of Technology (ISM) Dhanbad,"Civil Engineering (4 Years, Bachelor of Technology)",OPEN,Gender-Neutral,8757,11469,2022,2
375,Indian Institute of Technology (ISM) Dhanbad,"Civil Engineering (4 Years, Bachelor of Technology)",OPEN,Female-only (including Supernumerary),10752,19780,2022,2
376,Indian Institute of Technology (ISM) Dhanbad,"Computer Science and Engineering (4 Years, Bachelor of Technology)",OPEN,Gender-Neutral,1389,2851,2022,2
377,Indian Institute of Technology (ISM) Dhanbad,"Computer Science and Engineering (4 Years, Bachelor of Technology)",OPEN,Female-only (including Supernumerary),3436,5564,2022,2
378,Indian Institute of Technology (ISM) Dhanbad,"Electrical Engineering (4 Years, Bachelor of Technology)",OPEN,Gender-Neutral,5463,7135,2022,2
379,Indian Institute of Technology (ISM) Dhanbad,"Electrical Engineering (4 Years, Bachelor of Technology)",OPEN,Female-only (including Supernumerary),10067,11782,2022,2
380,Indian Institute of Technology (ISM) Dhanbad,"Electronics and Communication Engineering (4 Years, Bachelor of Technology)",OPEN,Gender-Neutral,3699,5246,2022,2
381,Indian Institute of Technology (ISM) Dhanbad,"Electronics and Communication Engineering (4 Years, Bachelor of Technology)",OPEN,Female-only (including Supernumerary),7425,9783,2022,2
382,Indian Institute of Technology (ISM) Dhanbad,"Engineering Physics (4 Years, Bachelor of Technology)",OPEN,Gender-Neutral,8647,10492,2022,2
383,Indian Institute of Technology (ISM) Dhanbad,"Engineering Physics (4 Years, Bachelor of Technology)",OPEN,Female-only (including Supernumerary),19149,19659,2022,2
384,Indian Institute of Technology (ISM) Dhanbad,"Environmental Engineering (4 Years, Bachelor of Technology)",OPEN,Gender-Neutral,12871,13940,2022,2
385,Indian Institute of Technology (ISM) Dhanbad,"Environmental Engineering (4 Years, Bachelor of Technology)",OPEN,Female-only (including Supernumerary),20258,21867,2022,2
386,Indian Institute of Technology (ISM) Dhanbad,"Mathematics and Computing (5 Years, Integrated Master of Technology)",OPEN,Gender-Neutral,3008,4472,2022,2
387,Indian Institute of Technology (ISM) Dhanbad,"Mathematics and Computing (5 Years, Integrated Master of Technology)",OPEN,Female-only (including Supernumerary),6638,9079,2022,2
388,Indian Institute of Technology (ISM) Dhanbad,"Mechanical Engineering (4 Years, Bachelor of Technology)",OPEN,Gender-Neutral,7151,9095,2022,2
389,Indian Institute of Technology (ISM) Dhanbad,"Mechanical Engineering (4 Years, Bachelor of Technology)",OPEN,Female-only (including Supernumerary),12471,16792,2022,2
390,Indian Institute of Technology (ISM) Dhanbad,"Mineral and Metallurgical Engineering (4 Years, Bachelor of Technology)",OPEN,Gender-Neutral,11339,12469,2022,2
391,Indian Institute of Technology (ISM) Dhanbad,"Mineral and Metallurgical Engineering (4 Years, Bachelor of Technology)",OPEN,Female-only (including Supernumerary),18576,20893,2022,2
392,Indian Institute of Technology (ISM) Dhanbad,"Mining Engineering (4 Years, Bachelor of Technology)",OPEN,Gender-Neutral,11904,13267,2022,2
393,Indian Institute of Technology (ISM) Dhanbad,"Mining Engineering (4 Years, Bachelor of Technology)",OPEN,Female-only (including Supernumerary),17728,22657,2022,2
394,Indian Institute of Technology (ISM) Dhanbad,"Mining Machinery Engineering (4 Years, Bachelor of Technology)",OPEN,Gender-Neutral,12641,13711,2022,2
395,Indian Institute of Technology (ISM) Dhanbad,"Mining Machinery Engineering (4 Years, Bachelor of Technology)",OPEN,Female-only (including Supernumerary),22114,23106,2022,2
396,Indian Institute of Technology (ISM) Dhanbad,"Petroleum Engineering (4 Years, Bachelor of Technology)",OPEN,Gender-Neutral,9296,11954,2022,2
397,Indian Institute of Technology (ISM) Dhanbad,"Petroleum Engineering (4 Years, Bachelor of Technology)",OPEN,Female-only (including Supernumerary),19547,21690,2022,2
398,Indian Institute of Technology Ropar,"Chemical Engineering (4 Years, Bachelor of Technology)",OPEN,Gender-Neutral,9359,9968,2022,2
399,Indian Institute of Technology Ropar,"Chemical Engineering (4 Years, Bachelor of Technology)",OPEN,Female-only (including Supernumerary),14997,17320,2022,2
400,Indian Institute of Technology Ropar,"Civil Engineering (4 Years, Bachelor of Technology)",OPEN,Gender-Neutral,10308,11258,2022,2
401,Indian Institute of Technology Ropar,"Civil Engineering (4 Years, Bachelor of Technology)",OPEN,Female-only (including Supernumerary),16987,19076,2022,2
402,Indian Institute of Technology Ropar,"Computer Science and Engineering (4 Years, Bachelor of Technology)",OPEN,Gender-Neutral,945,1809,2022,2
403,Indian Institute of Technology Ropar,"Computer Science and Engineering (4 Years, Bachelor of Technology)",OPEN,Female-only (including Supernumerary),3425,4893,2022,2
404,Indian Institute of Technology Ropar,"Electrical Engineering (4 Years, Bachelor of Technology)",OPEN,Gender-Neutral,3919,5290,2022,2
405,Indian Institute of Technology Ropar,"Electrical Engineering (4 Years, Bachelor of Technology)",OPEN,Female-only (including Supernumerary),6759,10142,2022,2
406,Indian Institute of Technology Ropar,"Engineering Physics (4 Years, Bachelor of Technology)",OPEN,Gender-Neutral,6425,10501,2022,2
407,Indian Institute of Technology Ropar,"Engineering Physics (4 Years, Bachelor of Technology)",OPEN,Female-only (including Supernumerary),16871,19183,2022,2
408,Indian Institute of Technology Ropar,"Mathematics and Computing (4 Years, Bachelor of Technology)",OPEN,Gender-Neutral,1815,2916,2022,2
409,Indian Institute of Technology Ropar,"Mathematics and Computing (4 Years, Bachelor of Technology)",OPEN,Female-only (including Supernumerary),5530,5982,2022,2
410,Indian Institute of Technology Ropar,"Mechanical Engineering (4 Years, Bachelor of Technology)",OPEN,Gender-Neutral,4529,7977,2022,2
411,Indian Institute of Technology Ropar,"Mechanical Engineering (4 Years, Bachelor of Technology)",OPEN,Female-only (including Supernumerary),13304,16162,2022,2
412,Indian Institute of Technology Ropar,"Metallurgical and Materials Engineering (4 Years, Bachelor of Technology)",OPEN,Gender-Neutral,10862,12297,2022,2
413,Indian Institute of Technology Ropar,"Metallurgical and Materials Engineering (4 Years, Bachelor of Technology)",OPEN,Female-only (including Supernumerary),17005,20128,2022,2
414,Indian Institute of Technology (BHU) Varanasi,"Architecture (5 Years, Bachelor of Architecture)",OPEN,Gender-Neutral,17466,18269,2022,2
415,Indian Institute of Technology (BHU) Varanasi,"Architecture (5 Years, Bachelor of Architecture)",OPEN,Female-only (including Supernumerary),24641,25997,2022,2
416,Indian Institute of Technology (BHU) Varanasi,"Biochemical Engineering with M.Tech. in Biochemical Engineering and Biotechnology (5 Years, Bachelor and Master of Technology (Dual Degree))",OPEN,Gender-Neutral,10580,12814,2022,2
417,Indian Institute of Technology (BHU) Varanasi,"Biochemical Engineering with M.Tech. in Biochemical Engineering and Biotechnology (5 Years, Bachelor and Master of Technology (Dual Degree))",OPEN,Female-only (including Supernumerary),15908,20756,2022,2
418,Indian Institute of Technology (BHU) Varanasi,"Bioengineering with M.Tech in Biomedical Technology (5 Years, Bachelor and Master of Technology (Dual Degree))",OPEN,Gender-Neutral,11372,11972,2022,2
419,Indian Institute of Technology (BHU) Varanasi,"Bioengineering with M.Tech in Biomedical Technology (5 Years, Bachelor and Master of Technology (Dual Degree))",OPEN,Female-only (including Supernumerary),18044,20398,2022,2
420,Indian Institute of Technology (BHU) Varanasi,"Ceramic Engineering (4 Years, Bachelor of Technology)",OPEN,Gender-Neutral,9995,12104,2022,2
421,Indian Institute of Technology (BHU) Varanasi,"Ceramic Engineering (4 Years, Bachelor of Technology)",OPEN,Female-only (including Supernumerary),18033,20974,2022,2
422,Indian Institute of Technology (BHU) Varanasi,"Ceramic Engineering (5 Years, Bachelor and Master of Technology (Dual Degree))",OPEN,Gender-Neutral,12143,12833,2022,2
423,Indian Institute of Technology (BHU) Varanasi,"Ceramic Engineering (5 Years, Bachelor and Master of Technology (Dual Degree))",OPEN,Female-only (including Supernumerary),21556,21747,2022,2
424,Indian Institute of Technology (BHU) Varanasi,"Chemical Engineering (4 Years, Bachelor of Technology)",OPEN,Gender-Neutral,6345,7965,2022,2
425,Indian Institute of Technology (BHU) Varanasi,"Chemical Engineering (4 Years, Bachelor of Technology)",OPEN,Female-only (including Supernumerary),10421,13925,2022,2
426,Indian Institute of Technology (BHU) Varanasi,"Civil Engineering (4 Years, Bachelor of Technology)",OPEN,Gender-Neutral,6829,8670,2022,2
427,Indian Institute of Technology (BHU) Varanasi,"Civil Engineering (4 Years, Bachelor of Technology)",OPEN,Female-only (including Supernumerary),13274,15703,2022,2
428,Indian Institute of Technology (BHU) Varanasi,"Civil Engineering (5 Years, Bachelor and Master of Technology (Dual Degree))",OPEN,Gender-Neutral,8687,10037,2022,2
429,Indian Institute of Technology (BHU) Varanasi,"Civil Engineering (5 Years, Bachelor and Master of Technology (Dual Degree))",OPEN,Female-only (including Supernumerary),16354,17458,2022,2
430,Indian Institute of Technology (BHU) Varanasi,"Computer Science and Engineering (4 Years, Bachelor of Technology)",OPEN,Gender-Neutral,426,858,2022,2
431,Indian Institute of Technology (BHU) Varanasi,"Computer Science and Engineering (4 Years, Bachelor of Technology)",OPEN,Female-only (including Supernumerary),1767,2309,2022,2
432,Indian Institute of Technology (BHU) Varanasi,"Computer Science and Engineering (5 Years, Bachelor and Master of Technology (Dual Degree))",OPEN,Gender-Neutral,897,1277,2022,2
433,Indian Institute of Technology (BHU) Varanasi,"Computer Science and Engineering (5 Years, Bachelor and Master of Technology (Dual Degree))",OPEN,Female-only (including Supernumerary),2829,2983,2022,2
434,Indian Institute of Technology (BHU) Varanasi,"Electrical Engineering (4 Years, Bachelor of Technology)",OPEN,Gender-Neutral,2651,3468,2022,2
435,Indian Institute of Technology (BHU) Varanasi,"Electrical Engineering (4 Years, Bachelor of Technology)",OPEN,Female-only (including Supernumerary),6440,7103,2022,2
436,Indian Institute of Technology (BHU) Varanasi,"Electrical Engineering with M.Tech. in Power Electronics (5 Years, Bachelor and Master of Technology (Dual Degree))",OPEN,Gender-Neutral,3439,4883,2022,2
437,Indian Institute of Technology (BHU) Varanasi,"Electrical Engineering with M.Tech. in Power Electronics (5 Years, Bachelor and Master of Technology (Dual Degree))",OPEN,Female-only (including Supernumerary),7523,7867,2022,2
438,Indian Institute of Technology (BHU) Varanasi,"Electronics Engineering (4 Years, Bachelor of Technology)",OPEN,Gender-Neutral,1918,2953,2022,2
439,Indian Institute of Technology (BHU) Varanasi,"Electronics Engineering (4 Years, Bachelor of Technology)",OPEN,Female-only (including Supernumerary),5059,6189,2022,2
440,Indian Institute of Technology (BHU) Varanasi,"Engineering Physics (5 Years, Bachelor and Master of Technology (Dual Degree))",OPEN,Gender-Neutral,5781,7790,2022,2
441,Indian Institute of Technology (BHU) Varanasi,"Engineering Physics (5 Years, Bachelor and Master of Technology (Dual Degree))",OPEN,Female-only (including Supernumerary),12085,15957,2022,2
442,Indian Institute of Technology (BHU) Varanasi,"Industrial Chemistry (5 Years, Bachelor and Master of Technology (Dual Degree))",OPEN,Gender-Neutral,10471,12271,2022,2
443,Indian Institute of Technology (BHU) Varanasi,"Industrial Chemistry (5 Years, Bachelor and Master of Technology (Dual Degree))",OPEN,Female-only (including Supernumerary),20901,21195,2022,2
444,Indian Institute of Technology (BHU) Varanasi,"Materials Science and Technology (5 Years, Bachelor and Master of Technology (Dual Degree))",OPEN,Gender-Neutral,10358,11841,2022,2
445,Indian Institute of Technology (BHU) Varanasi,"Materials Science and Technology (5 Years, Bachelor and Master of Technology (Dual Degree))",OPEN,Female-only (including Supernumerary),19606,20023,2022,2
446,Indian Institute of Technology (BHU) Varanasi,"Mathematics and Computing (5 Years, Bachelor and Master of Technology (Dual Degree))",OPEN,Gender-Neutral,1304,2192,2022,2
447,Indian Institute of Technology (BHU) Varanasi,"Mathematics and Computing (5 Years, Bachelor and Master of Technology (Dual Degree))",OPEN,Female-only (including Supernumerary),3132,4314,2022,2
448,Indian Institute of Technology (BHU) Varanasi,"Mechanical Engineering (4 Years, Bachelor of Technology)",OPEN,Gender-Neutral,4375,6643,2022,2
449,Indian Institute of Technology (BHU) Varanasi,"Mechanical Engineering (4 Years, Bachelor of Technology)",OPEN,Female-only (including Supernumerary),12234,13475,2022,2
450,Indian Institute of Technology (BHU) Varanasi,"Mechanical Engineering (5 Years, Bachelor and Master of Technology (Dual Degree))",OPEN,Gender-Neutral,6734,7471,2022,2
451,Indian Institute of Technology (BHU) Varanasi,"Mechanical Engineering (5 Years, Bachelor and Master of Technology (Dual Degree))",OPEN,Female-only (including Supernumerary),13852,14324,2022,2
452,Indian Institute of Technology (BHU) Varanasi,"Metallurgical Engineering (4 Years, Bachelor of Technology)",OPEN,Gender-Neutral,8080,9633,2022,2
453,Indian Institute of Technology (BHU) Varanasi,"Metallurgical Engineering (4 Years, Bachelor of Technology)",OPEN,Female-only (including Supernumerary),13719,17546,2022,2
454,Indian Institute of Technology (BHU) Varanasi,"Metallurgical Engineering (5 Years, Bachelor and Master of Technology (Dual Degree))",OPEN,Gender-Neutral,10090,11337,2022,2
455,Indian Institute of Technology (BHU) Varanasi,"Metallurgical Engineering (5 Years, Bachelor and Master of Technology (Dual Degree))",OPEN,Female-only (including Supernumerary),18095,19197,2022,2
456,Indian Institute of Technology (BHU) Varanasi,"Mining Engineering (4 Years, Bachelor of Technology)",OPEN,Gender-Neutral,9674,11755,2022,2
457,Indian Institute of Technology (BHU) Varanasi,"Mining Engineering (4 Years, Bachelor of Technology)",OPEN,Female-only (including Supernumerary),19411,21603,2022,2
458,Indian Institute of Technology (BHU) Varanasi,"Mining Engineering (5 Years, Bachelor and Master of Technology (Dual Degree))",OPEN,Gender-Neutral,12161,13035,2022,2
459,Indian Institute of Technology (BHU) Varanasi,"Mining Engineering (5 Years, Bachelor and Master of Technology (Dual Degree))",OPEN,Female-only (including Supernumerary),22124,22286,2022,2
460,Indian Institute of Technology (BHU) Varanasi,"Pharmaceutical Engineering & Technology (4 Years, Bachelor of Technology)",OPEN,Gender-Neutral,10581,12855,2022,2
461,Indian Institute of Technology (BHU) Varanasi,"Pharmaceutical Engineering & Technology (4 Years, Bachelor of Technology)",OPEN,Female-only (including Supernumerary),15156,21265,2022,2
462,Indian Institute of Technology (BHU) Varanasi,"Pharmaceutical Engineering & Technology (5 Years, Bachelor and Master of Technology (Dual Degree))",OPEN,Gender-Neutral,12967,13190,2022,2
463,Indian Institute of Technology (BHU) Varanasi,"Pharmaceutical Engineering & Technology (5 Years, Bachelor and Master of Technology (Dual Degree))",OPEN,Female-only (including Supernumerary),21432,22092,2022,2
464,Indian Institute of Technology Guwahati,"Biosciences and Bioengineering (4 Years, Bachelor of Technology)",OPEN,Gender-Neutral,7309,8753,2022,2
465,Indian Institute of Technology Guwahati,"Biosciences and Bioengineering (4 Years, Bachelor of Technology)",OPEN,Female-only (including Supernumerary),13534,15723,2022,2
466,Indian Institute of Technology Guwahati,"Chemical Engineering (4 Years, Bachelor of Technology)",OPEN,Gender-Neutral,4894,5766,2022,2
467,Indian Institute of Technology Guwahati,"Chemical Engineering (4 Years, Bachelor of Technology)",OPEN,Female-only (including Supernumerary),10072,11745,2022,2
468,Indian Institute of Technology Guwahati,"Chemical Science and Technology (4 Years, Bachelor of Technology)",OPEN,Gender-Neutral,5987,7677,2022,2
469,Indian Institute of Technology Guwahati,"Chemical Science and Technology (4 Years, Bachelor of Technology)",OPEN,Female-only (including Supernumerary),12386,14070,2022,2
470,Indian Institute of Technology Guwahati,"Civil Engineering (4 Years, Bachelor of Technology)",OPEN,Gender-Neutral,4944,7465,2022,2
471,Indian Institute of Technology Guwahati,"Civil Engineering (4 Years, Bachelor of Technology)",OPEN,Female-only (including Supernumerary),13280,15149,2022,2
472,Indian Institute of Technology Guwahati,"Computer Science and Engineering (4 Years, Bachelor of Technology)",OPEN,Gender-Neutral,415,589,2022,2
473,Indian Institute of Technology Guwahati,"Computer Science and Engineering (4 Years, Bachelor of Technology)",OPEN,Female-only (including Supernumerary),1517,1762,2022,2
474,Indian Institute of Technology Guwahati,"Data Science and Artificial Intelligence (4 Years, Bachelor of Technology)",OPEN,Gender-Neutral,596,924,2022,2
475,Indian Institute of Technology Guwahati,"Data Science and Artificial Intelligence (4 Years, Bachelor of Technology)",OPEN,Female-only (including Supernumerary),2168,2168,2022,2
476,Indian Institute of Technology Guwahati,"Electronics and Communication Engineering (4 Years, Bachelor of Technology)",OPEN,Gender-Neutral,1423,1690,2022,2
477,Indian Institute of Technology Guwahati,"Electronics and Communication Engineering (4 Years, Bachelor of Technology)",OPEN,Female-only (including Supernumerary),2906,3906,2022,2
478,Indian Institute of Technology Guwahati,"Electronics and Electrical Engineering (4 Years, Bachelor of Technology)",OPEN,Gender-Neutral,1695,2197,2022,2
479,Indian Institute of Technology Guwahati,"Electronics and Electrical Engineering (4 Years, Bachelor of Technology)",OPEN,Female-only (including Supernumerary),4257,5160,2022,2
480,Indian Institute of Technology Guwahati,"Energy Engineering (4 Years, Bachelor of Technology)",OPEN,Gender-Neutral,4795,5968,2022,2
481,Indian Institute of Technology Guwahati,"Energy Engineering (4 Years, Bachelor of Technology)",OPEN,Female-only (including Supernumerary),11444,11990,2022,2
482,Indian Institute of Technology Guwahati,"Engineering Physics (4 Years, Bachelor of Technology)",OPEN,Gender-Neutral,3402,5685,2022,2
483,Indian Institute of Technology Guwahati,"Engineering Physics (4 Years, Bachelor of Technology)",OPEN,Female-only (including Supernumerary),12112,13622,2022,2
484,Indian Institute of Technology Guwahati,"Mathematics and Computing (4 Years, Bachelor of Technology)",OPEN,Gender-Neutral,435,1048,2022,2
485,Indian Institute of Technology Guwahati,"Mathematics and Computing (4 Years, Bachelor of Technology)",OPEN,Female-only (including Supernumerary),2259,2617,2022,2
486,Indian Institute of Technology Guwahati,"Mechanical Engineering (4 Years, Bachelor of Technology)",OPEN,Gender-Neutral,3293,4832,2022,2
487,Indian Institute of Technology Guwahati,"Mechanical Engineering (4 Years, Bachelor of Technology)",OPEN,Female-only (including Supernumerary),9763,12220,2022,2
488,Indian Institute of Technology Bhilai,"Computer Science and Engineering (4 Years, Bachelor of Technology)",OPEN,Gender-Neutral,3952,5073,2022,2
489,Indian Institute of Technology Bhilai,"Computer Science and Engineering (4 Years, Bachelor of Technology)",OPEN,Female-only (including Supernumerary),6750,8462,2022,2
490,Indian Institute of Technology Bhilai,"Data Science and Artificial Intelligence (4 Years, Bachelor of Technology)",OPEN,Gender-Neutral,3989,5716,2022,2
491,Indian Institute of Technology Bhilai,"Data Science and Artificial Intelligence (4 Years, Bachelor of Technology)",OPEN,Female-only (including Supernumerary),8990,8990,2022,2
492,Indian Institute of Technology Bhilai,"Electrical Engineering (4 Years, Bachelor of Technology)",OPEN,Gender-Neutral,8377,10137,2022,2
493,Indian Institute of Technology Bhilai,"Electrical Engineering (4 Years, Bachelor of Technology)",OPEN,Female-only (including Supernumerary),13758,15233,2022,2
494,Indian Institute of Technology Bhilai,"Mechanical Engineering (4 Years, Bachelor of Technology)",OPEN,Gender-Neutral,10273,12674,2022,2
495,Indian Institute of Technology Bhilai,"Mechanical Engineering (4 Years, Bachelor of Technology)",OPEN,Female-only (including Supernumerary),19812,20987,2022,2
496,Indian Institute of Technology Bhilai,"Mechatronics Engineering (4 Years, Bachelor of Technology)",OPEN,Gender-Neutral,6874,10333,2022,2
497,Indian Institute of Technology Bhilai,"Mechatronics Engineering (4 Years, Bachelor of Technology)",OPEN,Female-only (including Supernumerary),16411,19165,2022,2
498,Indian Institute of Technology Goa,"Computer Science and Engineering (4 Years, Bachelor of Technology)",OPEN,Gender-Neutral,2538,3729,2022,2
499,Indian Institute of Technology Goa,"Computer Science and Engineering (4 Years, Bachelor of Technology)",OPEN,Female-only (including Supernumerary),5398,5868,2022,2
500,Indian Institute of Technology Goa,"Electrical Engineering (4 Years, Bachelor of Technology)",OPEN,Gender-Neutral,3269,7958,2022,2
501,Indian Institute of Technology Goa,"Electrical Engineering (4 Years, Bachelor of Technology)",OPEN,Female-only (including Supernumerary),11070,12295,2022,2
502,Indian Institute of Technology Goa,"Mathematics and Computing (4 Years, Bachelor of Technology)",OPEN,Gender-Neutral,2964,5316,2022,2
503,Indian Institute of Technology Goa,"Mathematics and Computing (4 Years, Bachelor of Technology)",OPEN,Female-only (including Supernumerary),6081,9985,2022,2
504,Indian Institute of Technology Goa,"Mechanical Engineering (4 Years, Bachelor of Technology)",OPEN,Gender-Neutral,9768,11535,2022,2
505,Indian Institute of Technology Goa,"Mechanical Engineering (4 Years, Bachelor of Technology)",OPEN,Female-only (including Supernumerary),15202,17987,2022,2
506,Indian Institute of Technology Palakkad,"Civil Engineering (4 Years, Bachelor of Technology)",OPEN,Gender-Neutral,12762,14025,2022,2
507,Indian Institute of Technology Palakkad,"Civil Engineering (4 Years, Bachelor of Technology)",OPEN,Female-only (including Supernumerary),19521,21738,2022,2
508,Indian Institute of Technology Palakkad,"Computer Science and Engineering (4 Years, Bachelor of Technology)",OPEN,Gender-Neutral,3301,4450,2022,2
509,Indian Institute of Technology Palakkad,"Computer Science and Engineering (4 Years, Bachelor of Technology)",OPEN,Female-only (including Supernumerary),5726,7063,2022,2
510,Indian Institute of Technology Palakkad,"Data Science and Engineering (4 Years, Bachelor of Technology)",OPEN,Gender-Neutral,5062,6170,2022,2
511,Indian Institute of Technology Palakkad,"Data Science and Engineering (4 Years, Bachelor of Technology)",OPEN,Female-only (including Supernumerary),8073,8813,2022,2
512,Indian Institute of Technology Palakkad,"Electrical Engineering (4 Years, Bachelor of Technology)",OPEN,Gender-Neutral,6882,9279,2022,2
513,Indian Institute of Technology Palakkad,"Electrical Engineering (4 Years, Bachelor of Technology)",OPEN,Female-only (including Supernumerary),9888,12823,2022,2
514,Indian Institute of Technology Palakkad,"Mechanical Engineering (4 Years, Bachelor of Technology)",OPEN,Gender-Neutral,9641,11885,2022,2
515,Indian Institute of Technology Palakkad,"Mechanical Engineering (4 Years, Bachelor of Technology)",OPEN,Female-only (including Supernumerary),16640,19497,2022,2
516,Indian Institute of Technology Tirupati,"Chemical Engineering (4 Years, Bachelor of Technology)",OPEN,Gender-Neutral,11341,13475,2022,2
517,Indian Institute of Technology Tirupati,"Chemical Engineering (4 Years, Bachelor of Technology)",OPEN,Female-only (including Supernumerary),18379,19901,2022,2
518,Indian Institute of Technology Tirupati,"Civil Engineering (4 Years, Bachelor of Technology)",OPEN,Gender-Neutral,12231,13928,2022,2
519,Indian Institute of Technology Tirupati,"Civil Engineering (4 Years, Bachelor of Technology)",OPEN,Female-only (including Supernumerary),19235,20667,2022,2
520,Indian Institute of Technology Tirupati,"Computer Science and Engineering (4 Years, Bachelor of Technology)",OPEN,Gender-Neutral,1133,3764,2022,2
521,Indian Institute of Technology Tirupati,"Computer Science and Engineering (4 Years, Bachelor of Technology)",OPEN,Female-only (including Supernumerary),4929,5501,2022,2
522,Indian Institute of Technology Tirupati,"Electrical Engineering (4 Years, Bachelor of Technology)",OPEN,Gender-Neutral,5270,8119,2022,2
523,Indian Institute of Technology Tirupati,"Electrical Engineering (4 Years, Bachelor of Technology)",OPEN,Female-only (including Supernumerary),8232,12123,2022,2
524,Indian Institute of Technology Tirupati,"Mechanical Engineering (4 Years, Bachelor of Technology)",OPEN,Gender-Neutral,5253,11162,2022,2
525,Indian Institute of Technology Tirupati,"Mechanical Engineering (4 Years, Bachelor of Technology)",OPEN,Female-only (including Supernumerary),14857,17981,2022,2
526,Indian Institute of Technology Jammu,"Chemical Engineering (4 Years, Bachelor of Technology)",OPEN,Gender-Neutral,12122,13885,2022,2
527,Indian Institute of Technology Jammu,"Chemical Engineering (4 Years, Bachelor of Technology)",OPEN,Female-only (including Supernumerary),19537,21250,2022,2
528,Indian Institute of Technology Jammu,"Civil Engineering (4 Years, Bachelor of Technology)",OPEN,Gender-Neutral,12493,14115,2022,2
529,Indian Institute of Technology Jammu,"Civil Engineering (4 Years, Bachelor of Technology)",OPEN,Female-only (including Supernumerary),21770,22613,2022,2
530,Indian Institute of Technology Jammu,"Computer Science and Engineering (4 Years, Bachelor of Technology)",OPEN,Gender-Neutral,3062,4568,2022,2
531,Indian Institute of Technology Jammu,"Computer Science and Engineering (4 Years, Bachelor of Technology)",OPEN,Female-only (including Supernumerary),6380,8009,2022,2
532,Indian Institute of Technology Jammu,"Electrical Engineering (4 Years, Bachelor of Technology)",OPEN,Gender-Neutral,6748,8863,2022,2
533,Indian Institute of Technology Jammu,"Electrical Engineering (4 Years, Bachelor of Technology)",OPEN,Female-only (including Supernumerary),12680,15308,2022,2
534,Indian Institute of Technology Jammu,"Materials Engineering (4 Years, Bachelor of Technology)",OPEN,Gender-Neutral,14128,14556,2022,2
535,Indian Institute of Technology Jammu,"Materials Engineering (4 Years, Bachelor of Technology)",OPEN,Female-only (including Supernumerary),22278,22766,2022,2
536,Indian Institute of Technology Jammu,"Mechanical Engineering (4 Years, Bachelor of Technology)",OPEN,Gender-Neutral,9273,12086,2022,2
537,Indian Institute of Technology Jammu,"Mechanical Engineering (4 Years, Bachelor of Technology)",OPEN,Female-only (including Supernumerary),18120,20370,2022,2
538,Indian Institute of Technology Dharwad,"Chemical and Biochemical Engineering (4 Years, Bachelor of Technology)",OPEN,Gender-Neutral,9083,14212,2022,2
539,Indian Institute of Technology Dharwad,"Chemical and Biochemical Engineering (4 Years, Bachelor of Technology)",OPEN,Female-only (including Supernumerary),22643,22643,2022,2
540,Indian Institute of Technology Dharwad,"Civil and Infrastructure Engineering (4 Years, Bachelor of Technology)",OPEN,Gender-Neutral,12697,13986,2022,2
541,Indian Institute of Technology Dharwad,"Civil and Infrastructure Engineering (4 Years, Bachelor of Technology)",OPEN,Female-only (including Supernumerary),21528,21528,2022,2
542,Indian Institute of Technology Dharwad,"Computer Science and Engineering (4 Years, Bachelor of Technology)",OPEN,Gender-Neutral,3756,4613,2022,2
543,Indian Institute of Technology Dharwad,"Computer Science and Engineering (4 Years, Bachelor of Technology)",OPEN,Female-only (including Supernumerary),6284,7858,2022,2
544,Indian Institute of Technology Dharwad,"Electrical Engineering (4 Years, Bachelor of Technology)",OPEN,Gender-Neutral,7476,9628,2022,2
545,Indian Institute of Technology Dharwad,"Electrical Engineering (4 Years, Bachelor of Technology)",OPEN,Female-only (including Supernumerary),12089,13771,2022,2
546,Indian Institute of Technology Dharwad,"Engineering Physics (4 Years, Bachelor of Technology)",OPEN,Gender-Neutral,10801,11619,2022,2
547,Indian Institute of Technology Dharwad,"Engineering Physics (4 Years, Bachelor of Technology)",OPEN,Female-only (including Supernumerary),17402,17402,2022,2
548,Indian Institute of Technology Dharwad,"Interdisciplinary Sciences (5 Years, Bachelor of Science and Master of Science (Dual Degree))",OPEN,Gender-Neutral,14296,15296,2022,2
549,Indian Institute of Technology Dharwad,"Interdisciplinary Sciences (5 Years, Bachelor of Science and Master of Science (Dual Degree))",OPEN,Female-only (including Supernumerary),23230,23940,2022,2
550,Indian Institute of Technology Dharwad,"Mathematics and Computing (4 Years, Bachelor of Technology)",OPEN,Gender-Neutral,4666,6548,2022,2
551,Indian Institute of Technology Dharwad,"Mathematics and Computing (4 Years, Bachelor of Technology)",OPEN,Female-only (including Supernumerary),9728,10810,2022,2
552,Indian Institute of Technology Dharwad,"Mechanical Engineering (4 Years, Bachelor of Technology)",OPEN,Gender-Neutral,10070,12460,2022,2
553,Indian Institute of Technology Dharwad,"Mechanical Engineering (4 Years, Bachelor of Technology)",OPEN,Female-only (including Supernumerary),16969,19300,2022,2
